,mean,sd,hdi_2.5%,hdi_97.5%,mcse_mean,mcse_sd,ess_bulk,ess_tail,r_hat,country
"p[0, 0]",0.0,0.0,0.0,0.0,0.0,0.0,5781.0,2945.0,1.0,Thailand
"p[0, 1]",1.0,0.0,1.0,1.0,0.0,0.0,5781.0,2945.0,1.0,Indonesia
"p[1, 0]",0.0,0.0,0.0,0.0,0.0,0.0,5064.0,2695.0,1.0,Philippines
"p[1, 1]",1.0,0.0,1.0,1.0,0.0,0.0,5064.0,2695.0,1.0,Vietnam
"p[2, 0]",0.0,0.0,0.0,0.0,0.0,0.0,6097.0,3248.0,1.0,Cambodia
"p[2, 1]",1.0,0.0,1.0,1.0,0.0,0.0,6097.0,3248.0,1.0,Malaysia
"p[3, 0]",0.0,0.0,0.0,0.0,0.0,0.0,4783.0,2997.0,1.0,Myanmar
"p[3, 1]",1.0,0.0,1.0,1.0,0.0,0.0,4783.0,2997.0,1.0,Singapore
"p[4, 0]",0.0,0.0,0.0,0.001,0.0,0.0,5075.0,3201.0,1.0,Laos
"p[4, 1]",1.0,0.0,0.999,1.0,0.0,0.0,5075.0,3201.0,1.0,Brunei Darussalam
"p[5, 0]",0.0,0.0,0.0,0.0,0.0,0.0,6181.0,2951.0,1.0,India
"p[5, 1]",1.0,0.0,1.0,1.0,0.0,0.0,6181.0,2951.0,1.0,Sri Lanka
"p[6, 0]",0.0,0.0,0.0,0.0,0.0,0.0,5687.0,2496.0,1.0,Maldives
"p[6, 1]",1.0,0.0,1.0,1.0,0.0,0.0,5687.0,2496.0,1.0,Bangladesh
"p[7, 0]",0.0,0.0,0.0,0.0,0.0,0.0,6315.0,3016.0,1.01,Pakistan
"p[7, 1]",1.0,0.0,1.0,1.0,0.0,0.0,6315.0,3016.0,1.01,Nepal
"p[8, 0]",0.001,0.0,0.0,0.001,0.0,0.0,4994.0,3059.0,1.0,Iran
"p[8, 1]",0.999,0.0,0.999,1.0,0.0,0.0,4994.0,3059.0,1.0,China
"p[9, 0]",0.0,0.0,0.0,0.0,0.0,0.0,6189.0,2836.0,1.0,Saudi Arabia
"p[9, 1]",1.0,0.0,1.0,1.0,0.0,0.0,6189.0,2836.0,1.0,Yemen
"p[10, 0]",0.0,0.0,0.0,0.0,0.0,0.0,4736.0,2450.0,1.0,Cuba
"p[10, 1]",1.0,0.0,1.0,1.0,0.0,0.0,4736.0,2450.0,1.0,Dominican Republic
"p[11, 0]",0.0,0.0,0.0,0.0,0.0,0.0,5522.0,2863.0,1.0,Jamaica
"p[11, 1]",1.0,0.0,1.0,1.0,0.0,0.0,5522.0,2863.0,1.0,"Guadeloupe, France"
"p[12, 0]",0.0,0.0,0.0,0.0,0.0,0.0,6635.0,2645.0,1.0,"Martinique, France"
"p[12, 1]",1.0,0.0,1.0,1.0,0.0,0.0,6635.0,2645.0,1.0,Haiti
"p[13, 0]",0.0,0.0,0.0,0.0,0.0,0.0,5008.0,2845.0,1.0,Antigua and Barbuda
"p[13, 1]",1.0,0.0,1.0,1.0,0.0,0.0,5008.0,2845.0,1.0,Barbados
"p[14, 0]",0.0,0.0,0.0,0.0,0.0,0.0,4980.0,2952.0,1.0,Dominica
"p[14, 1]",1.0,0.0,1.0,1.0,0.0,0.0,4980.0,2952.0,1.0,"Puerto Rico, United States"
"p[15, 0]",0.0,0.0,0.0,0.0,0.0,0.0,5752.0,2687.0,1.0,Bahamas
"p[15, 1]",1.0,0.0,1.0,1.0,0.0,0.0,5752.0,2687.0,1.0,"Leeward Antilles, the Netherlands"
"p[16, 0]",0.0,0.0,0.0,0.0,0.0,0.0,5660.0,3139.0,1.0,Trinidad and Tobago
"p[16, 1]",1.0,0.0,1.0,1.0,0.0,0.0,5660.0,3139.0,1.0,Saint Lucia
"p[17, 0]",0.0,0.0,0.0,0.0,0.0,0.0,5781.0,3059.0,1.0,Brazil
"p[17, 1]",1.0,0.0,1.0,1.0,0.0,0.0,5781.0,3059.0,1.0,Colombia
"p[18, 0]",0.0,0.0,0.0,0.0,0.0,0.0,5204.0,2678.0,1.0,Paraguay
"p[18, 1]",1.0,0.0,1.0,1.0,0.0,0.0,5204.0,2678.0,1.0,Ecuador
"p[19, 0]",0.001,0.0,0.0,0.001,0.0,0.0,5690.0,2539.0,1.0,Venezuela
"p[19, 1]",0.999,0.0,0.999,1.0,0.0,0.0,5690.0,2539.0,1.0,Peru
"p[20, 0]",0.0,0.0,0.0,0.0,0.0,0.0,5352.0,3054.0,1.0,Argentina
"p[20, 1]",1.0,0.0,1.0,1.0,0.0,0.0,5352.0,3054.0,1.0,"French Guiana, France"
"p[21, 0]",0.0,0.0,0.0,0.0,0.0,0.0,4812.0,2616.0,1.0,Bolivia
"p[21, 1]",1.0,0.0,1.0,1.0,0.0,0.0,4812.0,2616.0,1.0,Guyana
"p[22, 0]",0.0,0.0,0.0,0.0,0.0,0.0,4957.0,2844.0,1.0,Chile
"p[22, 1]",1.0,0.0,1.0,1.0,0.0,0.0,4957.0,2844.0,1.0,Mexico
"p[23, 0]",0.0,0.0,0.0,0.0,0.0,0.0,5456.0,2835.0,1.0,Costa Rica
"p[23, 1]",1.0,0.0,1.0,1.0,0.0,0.0,5456.0,2835.0,1.0,Guatemala
"p[24, 0]",0.0,0.0,0.0,0.0,0.0,0.0,6692.0,2558.0,1.0,Nicaragua
"p[24, 1]",1.0,0.0,1.0,1.0,0.0,0.0,6692.0,2558.0,1.0,Honduras
"p[25, 0]",0.0,0.0,0.0,0.0,0.0,0.0,4896.0,2530.0,1.0,Panama
"p[25, 1]",1.0,0.0,1.0,1.0,0.0,0.0,4896.0,2530.0,1.0,Belize
"p[26, 0]",0.0,0.0,0.0,0.0,0.0,0.0,4777.0,2869.0,1.0,El Salvador
"p[26, 1]",1.0,0.0,1.0,1.0,0.0,0.0,4777.0,2869.0,1.0,"Réunion, France"
"p[27, 0]",0.0,0.0,0.0,0.0,0.0,0.0,5916.0,2543.0,1.0,Seychelles
"p[27, 1]",1.0,0.0,1.0,1.0,0.0,0.0,5916.0,2543.0,1.0,Kenya
"p[28, 0]",0.0,0.0,0.0,0.0,0.0,0.0,5634.0,2509.0,1.0,Tanzania
"p[28, 1]",1.0,0.0,1.0,1.0,0.0,0.0,5634.0,2509.0,1.0,Somalia
"p[29, 0]",0.0,0.0,0.0,0.0,0.0,0.0,4997.0,2541.0,1.0,Ethiopia
"p[29, 1]",1.0,0.0,1.0,1.0,0.0,0.0,4997.0,2541.0,1.0,Mozambique
"p[30, 0]",0.0,0.0,0.0,0.0,0.0,0.0,5272.0,2860.0,1.0,Uganda
"p[30, 1]",1.0,0.0,1.0,1.0,0.0,0.0,5272.0,2860.0,1.0,Mauritius
"p[31, 0]",0.0,0.0,0.0,0.0,0.0,0.0,5772.0,2453.0,1.0,Comoros
"p[31, 1]",1.0,0.0,1.0,1.0,0.0,0.0,5772.0,2453.0,1.0,Djibouti
"p[32, 0]",0.0,0.0,0.0,0.0,0.0,0.0,4721.0,2627.0,1.0,Madagascar
"p[32, 1]",1.0,0.0,1.0,1.0,0.0,0.0,4721.0,2627.0,1.0,Eritrea
"p[33, 0]",0.0,0.0,0.0,0.0,0.0,0.0,4330.0,2219.0,1.0,"Mayotte, France"
"p[33, 1]",1.0,0.0,1.0,1.0,0.0,0.0,4330.0,2219.0,1.0,Côte d’Ivoire
"p[34, 0]",0.0,0.0,0.0,0.0,0.0,0.0,6390.0,2838.0,1.0,Burkina Faso
"p[34, 1]",1.0,0.0,1.0,1.0,0.0,0.0,6390.0,2838.0,1.0,Nigeria
"p[35, 0]",0.0,0.0,0.0,0.0,0.0,0.0,6062.0,2793.0,1.01,Senegal
"p[35, 1]",1.0,0.0,1.0,1.0,0.0,0.0,6062.0,2793.0,1.01,Ghana
"p[36, 0]",0.0,0.0,0.0,0.0,0.0,0.0,6324.0,2196.0,1.0,Togo
"p[36, 1]",1.0,0.0,1.0,1.0,0.0,0.0,6324.0,2196.0,1.0,Benin
"p[37, 0]",0.0,0.0,0.0,0.0,0.0,0.0,4956.0,3063.0,1.0,Mali
"p[37, 1]",1.0,0.0,1.0,1.0,0.0,0.0,4956.0,3063.0,1.0,Mauritania
"p[38, 0]",0.0,0.0,0.0,0.0,0.0,0.0,6054.0,2767.0,1.0,Guinea
"p[38, 1]",1.0,0.0,1.0,1.0,0.0,0.0,6054.0,2767.0,1.0,Niger
"p[39, 0]",0.0,0.0,0.0,0.0,0.0,0.0,5417.0,3029.0,1.0,Sierra Leone
"p[39, 1]",1.0,0.0,1.0,1.0,0.0,0.0,5417.0,3029.0,1.0,Cabo Verde
"p[40, 0]",0.0,0.0,0.0,0.0,0.0,0.0,5895.0,2581.0,1.0,Angola
"p[40, 1]",1.0,0.0,1.0,1.0,0.0,0.0,5895.0,2581.0,1.0,Cameroon
"p[41, 0]",0.0,0.0,0.0,0.0,0.0,0.0,4970.0,2569.0,1.0,Democratic Republic of the Congo
"p[41, 1]",1.0,0.0,1.0,1.0,0.0,0.0,4970.0,2569.0,1.0,Congo (Brazzaville)
"p[42, 0]",0.0,0.0,0.0,0.0,0.0,0.0,5581.0,2852.0,1.0,Equatorial Guinea
"p[42, 1]",1.0,0.0,1.0,1.0,0.0,0.0,5581.0,2852.0,1.0,Gabon
"p[43, 0]",0.0,0.0,0.0,0.0,0.0,0.0,5378.0,2694.0,1.0,Central African Republic
"p[43, 1]",1.0,0.0,1.0,1.0,0.0,0.0,5378.0,2694.0,1.0,Egypt
"p[44, 0]",0.0,0.0,0.0,0.0,0.0,0.0,6221.0,2733.0,1.0,Sudan
"p[44, 1]",1.0,0.0,1.0,1.0,0.0,0.0,6221.0,2733.0,1.0,South Africa
"p[45, 0]",0.0,0.0,0.0,0.0,0.0,0.0,5156.0,2792.0,1.0,Namibia
"p[45, 1]",1.0,0.0,1.0,1.0,0.0,0.0,5156.0,2792.0,1.0,Botswana
"p[46, 0]",0.0,0.0,0.0,0.0,0.0,0.0,5278.0,2643.0,1.0,Polynesia
"p[46, 1]",1.0,0.0,1.0,1.0,0.0,0.0,5278.0,2643.0,1.0,"French Polynesia, France"
"p[47, 0]",0.0,0.0,0.0,0.0,0.0,0.0,5642.0,2641.0,1.0,Samoa
"p[47, 1]",1.0,0.0,1.0,1.0,0.0,0.0,5642.0,2641.0,1.0,Melanesia
"p[48, 0]",0.0,0.0,0.0,0.0,0.0,0.0,6069.0,3212.0,1.0,"New Caledonia, France"
"p[48, 1]",1.0,0.0,1.0,1.0,0.0,0.0,6069.0,3212.0,1.0,Fiji
"p[49, 0]",0.0,0.0,0.0,0.0,0.0,0.0,4957.0,2961.0,1.0,Papua New Guinea
"p[49, 1]",1.0,0.0,1.0,1.0,0.0,0.0,4957.0,2961.0,1.0,Thailand
"p[50, 0]",0.0,0.0,0.0,0.0,0.0,0.0,5688.0,2856.0,1.0,Indonesia
"p[50, 1]",1.0,0.0,1.0,1.0,0.0,0.0,5688.0,2856.0,1.0,Philippines
"p[51, 0]",0.0,0.0,0.0,0.0,0.0,0.0,5606.0,2898.0,1.0,Vietnam
"p[51, 1]",1.0,0.0,1.0,1.0,0.0,0.0,5606.0,2898.0,1.0,Cambodia
"p[52, 0]",0.0,0.0,0.0,0.0,0.0,0.0,4947.0,2697.0,1.0,Malaysia
"p[52, 1]",1.0,0.0,1.0,1.0,0.0,0.0,4947.0,2697.0,1.0,Myanmar
"p[53, 0]",0.0,0.0,0.0,0.0,0.0,0.0,5405.0,2837.0,1.0,Singapore
"p[53, 1]",1.0,0.0,1.0,1.0,0.0,0.0,5405.0,2837.0,1.0,Laos
"p[54, 0]",0.0,0.0,0.0,0.0,0.0,0.0,5273.0,2859.0,1.0,Brunei Darussalam
"p[54, 1]",1.0,0.0,1.0,1.0,0.0,0.0,5273.0,2859.0,1.0,India
"p[55, 0]",0.0,0.0,0.0,0.0,0.0,0.0,5154.0,2962.0,1.0,Sri Lanka
"p[55, 1]",1.0,0.0,1.0,1.0,0.0,0.0,5154.0,2962.0,1.0,Maldives
"p[56, 0]",0.0,0.0,0.0,0.0,0.0,0.0,6626.0,2850.0,1.0,Bangladesh
"p[56, 1]",1.0,0.0,1.0,1.0,0.0,0.0,6626.0,2850.0,1.0,Pakistan
"p[57, 0]",0.0,0.0,0.0,0.0,0.0,0.0,5251.0,3063.0,1.0,Nepal
"p[57, 1]",1.0,0.0,1.0,1.0,0.0,0.0,5251.0,3063.0,1.0,Iran
"p[58, 0]",0.0,0.0,0.0,0.0,0.0,0.0,5600.0,2916.0,1.0,China
"p[58, 1]",1.0,0.0,1.0,1.0,0.0,0.0,5600.0,2916.0,1.0,Saudi Arabia
"p[59, 0]",0.0,0.0,0.0,0.0,0.0,0.0,5104.0,2823.0,1.0,Yemen
"p[59, 1]",1.0,0.0,1.0,1.0,0.0,0.0,5104.0,2823.0,1.0,Cuba
"p[60, 0]",0.0,0.0,0.0,0.0,0.0,0.0,5654.0,2747.0,1.0,Dominican Republic
"p[60, 1]",1.0,0.0,1.0,1.0,0.0,0.0,5654.0,2747.0,1.0,Jamaica
"p[61, 0]",0.0,0.0,0.0,0.0,0.0,0.0,4464.0,2587.0,1.0,"Guadeloupe, France"
"p[61, 1]",1.0,0.0,1.0,1.0,0.0,0.0,4464.0,2587.0,1.0,"Martinique, France"
"p[62, 0]",0.0,0.0,0.0,0.0,0.0,0.0,5604.0,2510.0,1.0,Haiti
"p[62, 1]",1.0,0.0,1.0,1.0,0.0,0.0,5604.0,2510.0,1.0,Antigua and Barbuda
"p[63, 0]",0.0,0.0,0.0,0.0,0.0,0.0,4996.0,2533.0,1.0,Barbados
"p[63, 1]",1.0,0.0,1.0,1.0,0.0,0.0,4996.0,2533.0,1.0,Dominica
"p[64, 0]",0.0,0.0,0.0,0.0,0.0,0.0,4910.0,2362.0,1.0,"Puerto Rico, United States"
"p[64, 1]",1.0,0.0,1.0,1.0,0.0,0.0,4910.0,2362.0,1.0,Bahamas
"p[65, 0]",0.0,0.0,0.0,0.0,0.0,0.0,5042.0,2658.0,1.0,"Leeward Antilles, the Netherlands"
"p[65, 1]",1.0,0.0,1.0,1.0,0.0,0.0,5042.0,2658.0,1.0,Trinidad and Tobago
"p[66, 0]",0.0,0.0,0.0,0.0,0.0,0.0,5000.0,2546.0,1.0,Saint Lucia
"p[66, 1]",1.0,0.0,1.0,1.0,0.0,0.0,5000.0,2546.0,1.0,Brazil
"p[67, 0]",0.0,0.0,0.0,0.0,0.0,0.0,5249.0,3149.0,1.0,Colombia
"p[67, 1]",1.0,0.0,1.0,1.0,0.0,0.0,5249.0,3149.0,1.0,Paraguay
"p[68, 0]",0.0,0.0,0.0,0.0,0.0,0.0,5720.0,2900.0,1.0,Ecuador
"p[68, 1]",1.0,0.0,1.0,1.0,0.0,0.0,5720.0,2900.0,1.0,Venezuela
"p[69, 0]",0.0,0.0,0.0,0.0,0.0,0.0,5346.0,2782.0,1.0,Peru
"p[69, 1]",1.0,0.0,1.0,1.0,0.0,0.0,5346.0,2782.0,1.0,Argentina
"p[70, 0]",0.0,0.0,0.0,0.0,0.0,0.0,5226.0,2850.0,1.0,"French Guiana, France"
"p[70, 1]",1.0,0.0,1.0,1.0,0.0,0.0,5226.0,2850.0,1.0,Bolivia
"p[71, 0]",0.0,0.0,0.0,0.0,0.0,0.0,5187.0,2519.0,1.0,Guyana
"p[71, 1]",1.0,0.0,1.0,1.0,0.0,0.0,5187.0,2519.0,1.0,Chile
"p[72, 0]",0.0,0.0,0.0,0.0,0.0,0.0,6306.0,2493.0,1.0,Mexico
"p[72, 1]",1.0,0.0,1.0,1.0,0.0,0.0,6306.0,2493.0,1.0,Costa Rica
"p[73, 0]",0.0,0.0,0.0,0.0,0.0,0.0,6018.0,2895.0,1.0,Guatemala
"p[73, 1]",1.0,0.0,1.0,1.0,0.0,0.0,6018.0,2895.0,1.0,Nicaragua
"p[74, 0]",0.0,0.0,0.0,0.0,0.0,0.0,4955.0,2840.0,1.0,Honduras
"p[74, 1]",1.0,0.0,1.0,1.0,0.0,0.0,4955.0,2840.0,1.0,Panama
"p[75, 0]",0.0,0.0,0.0,0.0,0.0,0.0,4779.0,2364.0,1.0,Belize
"p[75, 1]",1.0,0.0,1.0,1.0,0.0,0.0,4779.0,2364.0,1.0,El Salvador
"p[76, 0]",0.0,0.0,0.0,0.0,0.0,0.0,4544.0,2342.0,1.0,"Réunion, France"
"p[76, 1]",1.0,0.0,1.0,1.0,0.0,0.0,4544.0,2342.0,1.0,Seychelles
"p[77, 0]",0.0,0.0,0.0,0.0,0.0,0.0,3678.0,2221.0,1.0,Kenya
"p[77, 1]",1.0,0.0,1.0,1.0,0.0,0.0,3678.0,2221.0,1.0,Tanzania
"p[78, 0]",0.0,0.0,0.0,0.0,0.0,0.0,5616.0,2861.0,1.0,Somalia
"p[78, 1]",1.0,0.0,1.0,1.0,0.0,0.0,5616.0,2861.0,1.0,Ethiopia
"p[79, 0]",0.0,0.0,0.0,0.0,0.0,0.0,4461.0,2476.0,1.0,Mozambique
"p[79, 1]",1.0,0.0,1.0,1.0,0.0,0.0,4461.0,2476.0,1.0,Uganda
"p[80, 0]",0.0,0.0,0.0,0.0,0.0,0.0,6796.0,2913.0,1.0,Mauritius
"p[80, 1]",1.0,0.0,1.0,1.0,0.0,0.0,6796.0,2913.0,1.0,Comoros
"p[81, 0]",0.0,0.0,0.0,0.0,0.0,0.0,5629.0,3063.0,1.0,Djibouti
"p[81, 1]",1.0,0.0,1.0,1.0,0.0,0.0,5629.0,3063.0,1.0,Madagascar
"p[82, 0]",0.0,0.0,0.0,0.0,0.0,0.0,5721.0,2326.0,1.0,Eritrea
"p[82, 1]",1.0,0.0,1.0,1.0,0.0,0.0,5721.0,2326.0,1.0,"Mayotte, France"
"p[83, 0]",0.0,0.0,0.0,0.0,0.0,0.0,5705.0,2460.0,1.0,Côte d’Ivoire
"p[83, 1]",1.0,0.0,1.0,1.0,0.0,0.0,5705.0,2460.0,1.0,Burkina Faso
"p[84, 0]",0.0,0.0,0.0,0.0,0.0,0.0,5291.0,2376.0,1.0,Nigeria
"p[84, 1]",1.0,0.0,1.0,1.0,0.0,0.0,5291.0,2376.0,1.0,Senegal
"p[85, 0]",0.0,0.0,0.0,0.0,0.0,0.0,5429.0,2261.0,1.0,Ghana
"p[85, 1]",1.0,0.0,1.0,1.0,0.0,0.0,5429.0,2261.0,1.0,Togo
"p[86, 0]",0.0,0.0,0.0,0.0,0.0,0.0,5824.0,2880.0,1.0,Benin
"p[86, 1]",1.0,0.0,1.0,1.0,0.0,0.0,5824.0,2880.0,1.0,Mali
"p[87, 0]",0.0,0.0,0.0,0.0,0.0,0.0,4750.0,2711.0,1.0,Mauritania
"p[87, 1]",1.0,0.0,1.0,1.0,0.0,0.0,4750.0,2711.0,1.0,Guinea
"p[88, 0]",0.0,0.0,0.0,0.0,0.0,0.0,5631.0,2864.0,1.0,Niger
"p[88, 1]",1.0,0.0,1.0,1.0,0.0,0.0,5631.0,2864.0,1.0,Sierra Leone
"p[89, 0]",0.0,0.0,0.0,0.0,0.0,0.0,5730.0,2345.0,1.0,Cabo Verde
"p[89, 1]",1.0,0.0,1.0,1.0,0.0,0.0,5730.0,2345.0,1.0,Angola
"p[90, 0]",0.0,0.0,0.0,0.0,0.0,0.0,6024.0,2675.0,1.0,Cameroon
"p[90, 1]",1.0,0.0,1.0,1.0,0.0,0.0,6024.0,2675.0,1.0,Democratic Republic of the Congo
"p[91, 0]",0.0,0.0,0.0,0.0,0.0,0.0,4268.0,2470.0,1.0,Congo (Brazzaville)
"p[91, 1]",1.0,0.0,1.0,1.0,0.0,0.0,4268.0,2470.0,1.0,Equatorial Guinea
"p[92, 0]",0.001,0.0,0.001,0.001,0.0,0.0,5599.0,2627.0,1.0,Gabon
"p[92, 1]",0.999,0.0,0.999,0.999,0.0,0.0,5599.0,2627.0,1.0,Central African Republic
"p[93, 0]",0.001,0.0,0.001,0.001,0.0,0.0,6265.0,2481.0,1.0,Egypt
"p[93, 1]",0.999,0.0,0.999,0.999,0.0,0.0,6265.0,2481.0,1.0,Sudan
"p[94, 0]",0.001,0.001,0.0,0.003,0.0,0.0,5516.0,2637.0,1.0,South Africa
"p[94, 1]",0.999,0.001,0.997,1.0,0.0,0.0,5516.0,2637.0,1.0,Namibia
"p[95, 0]",0.0,0.0,0.0,0.0,0.0,0.0,6981.0,2707.0,1.0,Botswana
"p[95, 1]",1.0,0.0,1.0,1.0,0.0,0.0,6981.0,2707.0,1.0,Polynesia
"p[96, 0]",0.0,0.0,0.0,0.0,0.0,0.0,5152.0,2963.0,1.0,"French Polynesia, France"
"p[96, 1]",1.0,0.0,1.0,1.0,0.0,0.0,5152.0,2963.0,1.0,Samoa
"p[97, 0]",0.0,0.0,0.0,0.0,0.0,0.0,6237.0,3149.0,1.0,Melanesia
"p[97, 1]",1.0,0.0,1.0,1.0,0.0,0.0,6237.0,3149.0,1.0,"New Caledonia, France"
"p[98, 0]",0.001,0.0,0.0,0.001,0.0,0.0,6501.0,2682.0,1.0,Fiji
"p[98, 1]",0.999,0.0,0.999,1.0,0.0,0.0,6501.0,2682.0,1.0,Papua New Guinea
R[0],19.604,0.356,18.941,20.298,0.005,0.003,5781.0,2945.0,1.0,Thailand
R[1],29.043,0.843,27.37,30.674,0.012,0.008,5064.0,2695.0,1.0,Indonesia
R[2],12.625,0.574,11.563,13.791,0.007,0.005,6097.0,3248.0,1.0,Philippines
R[3],10.029,0.541,9.007,11.115,0.008,0.006,4783.0,2997.0,1.0,Vietnam
R[4],45.829,2.705,40.869,51.386,0.038,0.027,5075.0,3201.0,1.0,Cambodia
R[5],7.326,0.478,6.404,8.248,0.006,0.004,6181.0,2951.0,1.0,Malaysia
R[6],31.922,2.796,26.684,37.627,0.037,0.027,5687.0,2496.0,1.0,Myanmar
R[7],1.219,0.145,0.943,1.501,0.002,0.001,6315.0,3016.0,1.01,Singapore
R[8],50.417,7.661,36.38,66.003,0.109,0.078,4994.0,3059.0,1.0,Laos
R[9],14.516,6.418,3.742,26.908,0.078,0.063,6189.0,2836.0,1.0,Brunei Darussalam
R[10],8.703,0.241,8.24,9.174,0.004,0.002,4736.0,2450.0,1.0,India
R[11],17.833,0.773,16.262,19.329,0.01,0.007,5522.0,2863.0,1.0,Sri Lanka
R[12],18.123,0.979,16.195,20.042,0.012,0.008,6635.0,2645.0,1.0,Maldives
R[13],10.378,0.932,8.609,12.218,0.013,0.009,5008.0,2845.0,1.0,Bangladesh
R[14],1.42,0.17,1.099,1.744,0.002,0.002,4980.0,2952.0,1.0,Pakistan
R[15],6.409,0.86,4.732,8.067,0.011,0.008,5752.0,2687.0,1.0,Nepal
R[16],0.133,0.066,0.03,0.267,0.001,0.001,5660.0,3139.0,1.0,Iran
R[17],0.104,0.021,0.064,0.145,0.0,0.0,5781.0,3059.0,1.0,China
R[18],0.117,0.044,0.044,0.209,0.001,0.0,5204.0,2678.0,1.0,Saudi Arabia
R[19],58.503,34.17,6.452,127.862,0.439,0.36,5690.0,2539.0,1.0,Yemen
R[20],10.53,0.503,9.522,11.486,0.007,0.005,5352.0,3054.0,1.0,Cuba
R[21],3.414,0.257,2.937,3.922,0.004,0.003,4812.0,2616.0,1.0,Dominican Republic
R[22],6.782,0.685,5.433,8.11,0.01,0.007,4957.0,2844.0,1.0,Jamaica
R[23],2.532,0.295,1.963,3.124,0.004,0.003,5456.0,2835.0,1.0,"Guadeloupe, France"
R[24],1.433,0.234,0.96,1.874,0.003,0.002,6692.0,2558.0,1.0,"Martinique, France"
R[25],27.977,4.689,19.717,37.905,0.066,0.047,4896.0,2530.0,1.0,Haiti
R[26],3.418,0.864,1.813,5.132,0.012,0.009,4777.0,2869.0,1.0,Antigua and Barbuda
R[27],0.67,0.212,0.26,1.065,0.003,0.002,5916.0,2543.0,1.0,Barbados
R[28],12.337,5.505,3.069,23.107,0.069,0.052,5634.0,2509.0,1.0,Dominica
R[29],0.995,0.432,0.259,1.86,0.006,0.004,4997.0,2541.0,1.0,"Puerto Rico, United States"
R[30],0.919,0.466,0.154,1.837,0.006,0.005,5272.0,2860.0,1.0,Bahamas
R[31],1.073,0.534,0.225,2.14,0.007,0.005,5772.0,2453.0,1.0,"Leeward Antilles, the Netherlands"
R[32],1.334,0.67,0.234,2.638,0.009,0.007,4721.0,2627.0,1.0,Trinidad and Tobago
R[33],0.743,0.416,0.065,1.535,0.005,0.004,4330.0,2219.0,1.0,Saint Lucia
R[34],2.512,0.142,2.224,2.778,0.002,0.001,6390.0,2838.0,1.0,Brazil
R[35],3.228,0.28,2.679,3.774,0.004,0.003,6062.0,2793.0,1.01,Colombia
R[36],23.995,2.772,18.69,29.4,0.034,0.024,6324.0,2196.0,1.0,Paraguay
R[37],2.879,0.454,2.045,3.776,0.006,0.005,4956.0,3063.0,1.0,Ecuador
R[38],4.607,0.74,3.169,6.053,0.009,0.007,6054.0,2767.0,1.0,Venezuela
R[39],1.238,0.213,0.831,1.648,0.003,0.002,5417.0,3029.0,1.0,Peru
R[40],0.316,0.072,0.181,0.462,0.001,0.001,5895.0,2581.0,1.0,Argentina
R[41],1.813,0.474,0.969,2.777,0.007,0.005,4970.0,2569.0,1.0,"French Guiana, France"
R[42],2.105,0.666,0.909,3.408,0.009,0.007,5581.0,2852.0,1.0,Bolivia
R[43],9.939,4.308,2.415,18.494,0.056,0.045,5378.0,2694.0,1.0,Guyana
R[44],0.134,0.066,0.03,0.263,0.001,0.001,6221.0,2733.0,1.0,Chile
R[45],3.211,0.184,2.856,3.58,0.003,0.002,5156.0,2792.0,1.0,Mexico
R[46],7.274,0.725,5.869,8.708,0.01,0.007,5278.0,2643.0,1.0,Costa Rica
R[47],6.719,1.238,4.375,9.108,0.016,0.011,5642.0,2641.0,1.0,Guatemala
R[48],9.019,1.849,5.585,12.67,0.023,0.017,6069.0,3212.0,1.0,Nicaragua
R[49],6.015,1.514,3.289,9.093,0.022,0.016,4957.0,2961.0,1.0,Honduras
R[50],2.141,0.557,1.111,3.227,0.007,0.005,5688.0,2856.0,1.0,Panama
R[51],9.398,2.963,3.88,15.119,0.04,0.03,5606.0,2898.0,1.0,Belize
R[52],3.84,1.286,1.546,6.425,0.018,0.013,4947.0,2697.0,1.0,El Salvador
R[53],5.33,0.437,4.465,6.143,0.006,0.004,5405.0,2837.0,1.0,"Réunion, France"
R[54],9.816,1.055,7.733,11.891,0.014,0.01,5273.0,2859.0,1.0,Seychelles
R[55],3.549,0.41,2.787,4.397,0.006,0.004,5154.0,2962.0,1.0,Kenya
R[56],5.075,0.629,3.937,6.377,0.008,0.006,6626.0,2850.0,1.0,Tanzania
R[57],17.495,2.927,12.03,23.404,0.04,0.029,5251.0,3063.0,1.0,Somalia
R[58],2.136,0.532,1.113,3.124,0.007,0.005,5600.0,2916.0,1.0,Ethiopia
R[59],3.356,0.963,1.715,5.37,0.013,0.009,5104.0,2823.0,1.0,Mozambique
R[60],2.289,0.638,1.109,3.558,0.008,0.006,5654.0,2747.0,1.0,Uganda
R[61],0.329,0.099,0.148,0.523,0.001,0.001,4464.0,2587.0,1.0,Mauritius
R[62],13.085,4.161,5.773,21.424,0.054,0.041,5604.0,2510.0,1.0,Comoros
R[63],8.025,2.584,3.356,13.237,0.035,0.025,4996.0,2533.0,1.0,Djibouti
R[64],1.132,0.381,0.45,1.879,0.005,0.004,4910.0,2362.0,1.0,Madagascar
R[65],5.378,1.953,1.989,9.316,0.027,0.019,5042.0,2658.0,1.0,Eritrea
R[66],3.837,1.476,1.211,6.689,0.02,0.015,5000.0,2546.0,1.0,"Mayotte, France"
R[67],10.2,0.951,8.464,12.108,0.013,0.009,5249.0,3149.0,1.0,Côte d’Ivoire
R[68],15.42,2.183,11.011,19.491,0.029,0.021,5720.0,2900.0,1.0,Burkina Faso
R[69],1.439,0.239,0.995,1.926,0.003,0.002,5346.0,2782.0,1.0,Nigeria
R[70],0.939,0.189,0.573,1.312,0.003,0.002,5226.0,2850.0,1.0,Senegal
R[71],1.686,0.367,0.992,2.41,0.005,0.004,5187.0,2519.0,1.0,Ghana
R[72],8.22,1.777,5.078,11.861,0.022,0.016,6306.0,2493.0,1.0,Togo
R[73],6.417,1.592,3.416,9.569,0.02,0.015,6018.0,2895.0,1.0,Benin
R[74],2.354,0.603,1.293,3.571,0.008,0.006,4955.0,2840.0,1.0,Mali
R[75],3.716,1.42,1.238,6.581,0.02,0.015,4779.0,2364.0,1.0,Mauritania
R[76],2.242,0.989,0.524,4.164,0.014,0.01,4544.0,2342.0,1.0,Guinea
R[77],2.972,1.312,0.712,5.517,0.02,0.015,3678.0,2221.0,1.0,Niger
R[78],2.953,1.445,0.669,6.008,0.019,0.016,5616.0,2861.0,1.0,Sierra Leone
R[79],0.15,0.087,0.023,0.324,0.001,0.001,4461.0,2476.0,1.0,Cabo Verde
R[80],1.969,0.355,1.302,2.661,0.004,0.003,6796.0,2913.0,1.0,Angola
R[81],2.819,0.556,1.81,3.911,0.007,0.005,5629.0,3063.0,1.0,Cameroon
R[82],4.893,1.219,2.607,7.314,0.016,0.012,5721.0,2326.0,1.0,Democratic Republic of the Congo
R[83],2.298,0.704,1.017,3.662,0.009,0.007,5705.0,2460.0,1.0,Congo (Brazzaville)
R[84],4.201,1.601,1.473,7.422,0.021,0.016,5291.0,2376.0,1.0,Equatorial Guinea
R[85],1.915,0.805,0.556,3.541,0.011,0.008,5429.0,2261.0,1.0,Gabon
R[86],9.097,4.554,1.627,18.208,0.058,0.045,5824.0,2880.0,1.0,Central African Republic
R[87],0.21,0.045,0.118,0.296,0.001,0.0,4750.0,2711.0,1.0,Egypt
R[88],2.517,0.969,0.814,4.407,0.012,0.009,5631.0,2864.0,1.0,Sudan
R[89],0.114,0.041,0.041,0.193,0.001,0.0,5730.0,2345.0,1.0,South Africa
R[90],0.836,0.337,0.269,1.522,0.004,0.003,6024.0,2675.0,1.0,Namibia
R[91],4.893,2.416,0.86,9.482,0.033,0.024,4268.0,2470.0,1.0,Botswana
R[92],78.822,5.076,68.7,88.729,0.068,0.048,5599.0,2627.0,1.0,Polynesia
R[93],77.285,5.251,66.85,87.343,0.066,0.047,6265.0,2481.0,1.0,"French Polynesia, France"
R[94],148.969,86.727,12.428,314.236,1.139,0.888,5516.0,2637.0,1.0,Samoa
R[95],24.833,3.233,19.134,31.508,0.038,0.028,6981.0,2707.0,1.0,Melanesia
R[96],20.957,3.319,14.85,27.9,0.045,0.032,5152.0,2963.0,1.0,"New Caledonia, France"
R[97],32.183,8.486,17.46,49.806,0.106,0.078,6237.0,3149.0,1.0,Fiji
R[98],56.476,22.627,17.594,101.12,0.276,0.22,6501.0,2682.0,1.0,Papua New Guinea
Ri[0],2957.13,53.705,2857.111,3061.86,0.705,0.499,5781.0,2945.0,1.0,Thailand
Ri[1],1141.021,33.127,1075.287,1205.099,0.466,0.331,5064.0,2695.0,1.0,Indonesia
Ri[2],445.946,20.277,408.417,487.147,0.26,0.185,6097.0,3248.0,1.0,Philippines
Ri[3],331.981,17.901,298.171,367.948,0.259,0.183,4783.0,2997.0,1.0,Vietnam
Ri[4],278.915,16.467,248.716,312.752,0.231,0.164,5075.0,3201.0,1.0,Cambodia
Ri[5],226.823,14.805,198.279,255.381,0.188,0.133,6181.0,2951.0,1.0,Malaysia
Ri[6],131.962,11.563,110.301,155.551,0.154,0.11,5687.0,2496.0,1.0,Myanmar
Ri[7],69.068,8.216,53.454,85.044,0.103,0.074,6315.0,3016.0,1.01,Singapore
Ri[8],42.121,6.404,30.39,55.151,0.091,0.065,4994.0,3059.0,1.0,Laos
Ri[9],4.964,2.195,1.279,9.202,0.027,0.021,6189.0,2836.0,1.0,Brunei Darussalam
Ri[10],1347.555,37.371,1275.817,1420.469,0.543,0.384,4736.0,2450.0,1.0,India
Ri[11],515.042,22.327,469.668,558.272,0.3,0.212,5522.0,2863.0,1.0,Sri Lanka
Ri[12],368.541,19.918,329.312,407.575,0.243,0.172,6635.0,2645.0,1.0,Maldives
Ri[13],125.956,11.312,104.493,148.298,0.159,0.112,5008.0,2845.0,1.0,Bangladesh
Ri[14],67.961,8.125,52.603,83.46,0.115,0.082,4980.0,2952.0,1.0,Pakistan
Ri[15],55.952,7.512,41.316,70.431,0.099,0.071,5752.0,2687.0,1.0,Nepal
Ri[16],3.995,1.994,0.888,8.014,0.025,0.021,5660.0,3139.0,1.0,Iran
Ri[17],25.948,5.203,16.054,36.335,0.068,0.049,5781.0,3059.0,1.0,China
Ri[18],7.003,2.654,2.662,12.561,0.036,0.028,5204.0,2678.0,1.0,Saudi Arabia
Ri[19],3.018,1.764,0.333,6.598,0.023,0.019,5690.0,2539.0,1.0,Yemen
Ri[20],454.335,21.687,410.843,495.598,0.296,0.21,5352.0,3054.0,1.0,Cuba
Ri[21],170.682,12.875,146.876,196.124,0.183,0.129,4812.0,2616.0,1.0,Dominican Republic
Ri[22],101.227,10.229,81.1,121.06,0.146,0.104,4957.0,2844.0,1.0,Jamaica
Ri[23],76.989,8.954,59.687,94.983,0.121,0.085,5456.0,2835.0,1.0,"Guadeloupe, France"
Ri[24],38.901,6.355,26.047,50.868,0.078,0.057,6692.0,2558.0,1.0,"Martinique, France"
Ri[25],35.879,6.015,25.283,48.614,0.085,0.061,4896.0,2530.0,1.0,Haiti
Ri[26],14.955,3.781,7.933,22.454,0.055,0.04,4777.0,2869.0,1.0,Antigua and Barbuda
Ri[27],10.044,3.183,3.894,15.979,0.04,0.03,5916.0,2543.0,1.0,Barbados
Ri[28],4.985,2.225,1.24,9.338,0.028,0.021,5634.0,2509.0,1.0,Dominica
Ri[29],4.974,2.158,1.297,9.303,0.029,0.022,4997.0,2541.0,1.0,"Puerto Rico, United States"
Ri[30],3.94,1.997,0.661,7.873,0.026,0.02,5272.0,2860.0,1.0,Bahamas
Ri[31],4.025,2.003,0.844,8.025,0.025,0.019,5772.0,2453.0,1.0,"Leeward Antilles, the Netherlands"
Ri[32],4.002,2.009,0.701,7.916,0.028,0.021,4721.0,2627.0,1.0,Trinidad and Tobago
Ri[33],2.972,1.665,0.258,6.141,0.021,0.016,4330.0,2219.0,1.0,Saint Lucia
Ri[34],300.414,16.957,265.956,332.261,0.212,0.15,6390.0,2838.0,1.0,Brazil
Ri[35],124.094,10.762,102.958,145.065,0.14,0.099,6062.0,2793.0,1.01,Colombia
Ri[36],75.952,8.777,59.158,93.064,0.109,0.077,6324.0,2196.0,1.0,Paraguay
Ri[37],40.106,6.318,28.481,52.59,0.09,0.064,4956.0,3063.0,1.0,Ecuador
Ri[38],39.931,6.412,27.468,52.458,0.082,0.059,6054.0,2767.0,1.0,Venezuela
Ri[39],31.976,5.503,21.467,42.573,0.075,0.054,5417.0,3029.0,1.0,Peru
Ri[40],18.964,4.304,10.858,27.737,0.055,0.04,5895.0,2581.0,1.0,Argentina
Ri[41],14.927,3.907,7.982,22.87,0.055,0.04,4970.0,2569.0,1.0,"French Guiana, France"
Ri[42],9.97,3.153,4.304,16.142,0.041,0.031,5581.0,2852.0,1.0,Bolivia
Ri[43],5.033,2.182,1.223,9.366,0.029,0.023,5378.0,2694.0,1.0,Guyana
Ri[44],4.033,1.99,0.891,7.879,0.025,0.02,6221.0,2733.0,1.0,Chile
Ri[45],304.098,17.453,270.469,338.982,0.243,0.172,5156.0,2792.0,1.0,Mexico
Ri[46],104.061,10.374,83.965,124.587,0.145,0.106,5278.0,2643.0,1.0,Costa Rica
Ri[47],29.979,5.524,19.519,40.641,0.072,0.051,5642.0,2641.0,1.0,Guatemala
Ri[48],23.074,4.73,14.288,32.415,0.06,0.043,6069.0,3212.0,1.0,Nicaragua
Ri[49],16.112,4.055,8.81,24.357,0.058,0.042,4957.0,2961.0,1.0,Honduras
Ri[50],16.058,4.18,8.33,24.203,0.055,0.041,5688.0,2856.0,1.0,Panama
Ri[51],9.059,2.857,3.74,14.575,0.038,0.029,5606.0,2898.0,1.0,Belize
Ri[52],9.035,3.026,3.639,15.119,0.041,0.03,4947.0,2697.0,1.0,El Salvador
Ri[53],154.873,12.708,129.73,178.498,0.173,0.123,5405.0,2837.0,1.0,"Réunion, France"
Ri[54],82.992,8.919,65.375,100.531,0.122,0.087,5273.0,2859.0,1.0,Seychelles
Ri[55],77.06,8.91,60.529,95.473,0.126,0.092,5154.0,2962.0,1.0,Kenya
Ri[56],66.987,8.299,51.975,84.184,0.102,0.073,6626.0,2850.0,1.0,Tanzania
Ri[57],34.996,5.856,24.062,46.82,0.081,0.058,5251.0,3063.0,1.0,Somalia
Ri[58],16.017,3.994,8.347,23.433,0.053,0.038,5600.0,2916.0,1.0,Ethiopia
Ri[59],11.909,3.418,6.084,19.056,0.046,0.033,5104.0,2823.0,1.0,Mozambique
Ri[60],11.989,3.34,5.808,18.636,0.044,0.033,5654.0,2747.0,1.0,Uganda
Ri[61],10.953,3.297,4.944,17.436,0.048,0.034,4464.0,2587.0,1.0,Mauritius
Ri[62],10.067,3.202,4.441,16.483,0.042,0.031,5604.0,2510.0,1.0,Comoros
Ri[63],10.032,3.231,4.195,16.548,0.043,0.031,4996.0,2533.0,1.0,Djibouti
Ri[64],9.054,3.048,3.599,15.033,0.042,0.031,4910.0,2362.0,1.0,Madagascar
Ri[65],7.015,2.548,2.595,12.152,0.035,0.025,5042.0,2658.0,1.0,Eritrea
Ri[66],6.976,2.684,2.202,12.162,0.037,0.028,5000.0,2546.0,1.0,"Mayotte, France"
Ri[67],112.105,10.45,93.029,133.08,0.145,0.104,5249.0,3149.0,1.0,Côte d’Ivoire
Ri[68],49.024,6.941,35.006,61.969,0.092,0.067,5720.0,2900.0,1.0,Burkina Faso
Ri[69],38.023,6.322,26.304,50.898,0.086,0.063,5346.0,2782.0,1.0,Nigeria
Ri[70],24.0,4.84,14.633,33.528,0.067,0.05,5226.0,2850.0,1.0,Senegal
Ri[71],21.078,4.583,12.401,30.123,0.063,0.045,5187.0,2519.0,1.0,Ghana
Ri[72],21.078,4.558,13.022,30.416,0.056,0.041,6306.0,2493.0,1.0,Togo
Ri[73],17.114,4.245,9.11,25.52,0.054,0.04,6018.0,2895.0,1.0,Benin
Ri[74],14.978,3.835,8.227,22.728,0.054,0.039,4955.0,2840.0,1.0,Mali
Ri[75],6.968,2.662,2.321,12.34,0.037,0.028,4779.0,2364.0,1.0,Mauritania
Ri[76],4.983,2.197,1.164,9.254,0.03,0.022,4544.0,2342.0,1.0,Guinea
Ri[77],4.954,2.187,1.187,9.195,0.034,0.024,3678.0,2221.0,1.0,Niger
Ri[78],4.027,1.97,0.912,8.193,0.026,0.021,5616.0,2861.0,1.0,Sierra Leone
Ri[79],3.009,1.745,0.457,6.483,0.026,0.019,4461.0,2476.0,1.0,Cabo Verde
Ri[80],29.02,5.234,19.192,39.216,0.063,0.046,6796.0,2913.0,1.0,Angola
Ri[81],26.106,5.145,16.758,36.215,0.068,0.049,5629.0,3063.0,1.0,Cameroon
Ri[82],15.957,3.974,8.501,23.853,0.052,0.039,5721.0,2326.0,1.0,Democratic Republic of the Congo
Ri[83],10.942,3.351,4.841,17.441,0.043,0.031,5705.0,2460.0,1.0,Congo (Brazzaville)
Ri[84],7.003,2.669,2.455,12.37,0.036,0.027,5291.0,2376.0,1.0,Equatorial Guinea
Ri[85],5.986,2.516,1.738,11.065,0.033,0.026,5429.0,2261.0,1.0,Gabon
Ri[86],4.014,2.01,0.718,8.034,0.025,0.02,5824.0,2880.0,1.0,Central African Republic
Ri[87],23.055,4.972,13.018,32.605,0.07,0.05,4750.0,2711.0,1.0,Egypt
Ri[88],5.992,2.308,1.939,10.493,0.03,0.022,5631.0,2864.0,1.0,Sudan
Ri[89],7.985,2.853,2.899,13.508,0.037,0.028,5730.0,2345.0,1.0,South Africa
Ri[90],5.975,2.408,1.92,10.874,0.03,0.023,6024.0,2675.0,1.0,Namibia
Ri[91],3.967,1.959,0.697,7.689,0.027,0.02,4268.0,2470.0,1.0,Botswana
Ri[92],237.156,15.284,206.679,266.988,0.204,0.144,5599.0,2627.0,1.0,Polynesia
Ri[93],230.024,15.642,198.947,259.986,0.197,0.141,6265.0,2481.0,1.0,"French Polynesia, France"
Ri[94],3.006,1.754,0.25,6.349,0.023,0.018,5516.0,2637.0,1.0,Samoa
Ri[95],58.025,7.555,44.706,73.629,0.09,0.064,6981.0,2707.0,1.0,Melanesia
Ri[96],38.018,6.022,26.937,50.616,0.082,0.058,5152.0,2963.0,1.0,"New Caledonia, France"
Ri[97],12.964,3.419,7.032,20.066,0.043,0.032,6237.0,3149.0,1.0,Fiji
Ri[98],6.012,2.41,1.872,10.768,0.029,0.023,6501.0,2682.0,1.0,Papua New Guinea
Rn[0],1.0,0.0,1.0,1.0,0.0,0.0,4000.0,4000.0,,Thailand
Rn[1],0.386,0.013,0.361,0.412,0.0,0.0,5180.0,2683.0,1.0,Indonesia
Rn[2],0.151,0.007,0.136,0.165,0.0,0.0,5867.0,3283.0,1.0,Philippines
Rn[3],0.112,0.006,0.101,0.126,0.0,0.0,5095.0,2827.0,1.0,Vietnam
Rn[4],0.094,0.006,0.083,0.105,0.0,0.0,5360.0,3318.0,1.0,Cambodia
Rn[5],0.077,0.005,0.067,0.087,0.0,0.0,6228.0,2761.0,1.0,Malaysia
Rn[6],0.045,0.004,0.037,0.052,0.0,0.0,5640.0,2563.0,1.0,Myanmar
Rn[7],0.023,0.003,0.018,0.029,0.0,0.0,6224.0,2980.0,1.01,Singapore
Rn[8],0.014,0.002,0.01,0.019,0.0,0.0,4935.0,3035.0,1.0,Laos
Rn[9],0.002,0.001,0.0,0.003,0.0,0.0,6142.0,2672.0,1.0,Brunei Darussalam
Rn[10],0.456,0.015,0.426,0.484,0.0,0.0,4599.0,2795.0,1.0,India
Rn[11],0.174,0.008,0.158,0.19,0.0,0.0,5272.0,3043.0,1.0,Sri Lanka
Rn[12],0.125,0.007,0.111,0.139,0.0,0.0,6260.0,2463.0,1.0,Maldives
Rn[13],0.043,0.004,0.035,0.05,0.0,0.0,5003.0,2826.0,1.0,Bangladesh
Rn[14],0.023,0.003,0.018,0.028,0.0,0.0,4915.0,2850.0,1.0,Pakistan
Rn[15],0.019,0.003,0.014,0.024,0.0,0.0,5781.0,2728.0,1.0,Nepal
Rn[16],0.001,0.001,0.0,0.003,0.0,0.0,5623.0,3088.0,1.0,Iran
Rn[17],0.009,0.002,0.006,0.013,0.0,0.0,5718.0,3058.0,1.0,China
Rn[18],0.002,0.001,0.001,0.004,0.0,0.0,5168.0,2678.0,1.0,Saudi Arabia
Rn[19],0.001,0.001,0.0,0.002,0.0,0.0,5702.0,2523.0,1.0,Yemen
Rn[20],0.154,0.008,0.138,0.17,0.0,0.0,5237.0,2802.0,1.0,Cuba
Rn[21],0.058,0.004,0.049,0.066,0.0,0.0,4882.0,3005.0,1.0,Dominican Republic
Rn[22],0.034,0.004,0.027,0.041,0.0,0.0,5016.0,2875.0,1.0,Jamaica
Rn[23],0.026,0.003,0.02,0.032,0.0,0.0,5551.0,2912.0,1.0,"Guadeloupe, France"
Rn[24],0.013,0.002,0.009,0.018,0.0,0.0,6594.0,2645.0,1.0,"Martinique, France"
Rn[25],0.012,0.002,0.008,0.016,0.0,0.0,4979.0,2745.0,1.0,Haiti
Rn[26],0.005,0.001,0.003,0.008,0.0,0.0,4801.0,2711.0,1.0,Antigua and Barbuda
Rn[27],0.003,0.001,0.001,0.005,0.0,0.0,5940.0,2413.0,1.0,Barbados
Rn[28],0.002,0.001,0.0,0.003,0.0,0.0,5665.0,2522.0,1.0,Dominica
Rn[29],0.002,0.001,0.0,0.003,0.0,0.0,4942.0,2552.0,1.0,"Puerto Rico, United States"
Rn[30],0.001,0.001,0.0,0.003,0.0,0.0,5282.0,2923.0,1.0,Bahamas
Rn[31],0.001,0.001,0.0,0.003,0.0,0.0,5811.0,2393.0,1.0,"Leeward Antilles, the Netherlands"
Rn[32],0.001,0.001,0.0,0.003,0.0,0.0,4738.0,2664.0,1.0,Trinidad and Tobago
Rn[33],0.001,0.001,0.0,0.002,0.0,0.0,4351.0,2169.0,1.0,Saint Lucia
Rn[34],0.102,0.006,0.09,0.114,0.0,0.0,6284.0,2730.0,1.0,Brazil
Rn[35],0.042,0.004,0.034,0.049,0.0,0.0,5862.0,2798.0,1.01,Colombia
Rn[36],0.026,0.003,0.02,0.032,0.0,0.0,6259.0,2375.0,1.0,Paraguay
Rn[37],0.014,0.002,0.009,0.018,0.0,0.0,4898.0,3090.0,1.0,Ecuador
Rn[38],0.014,0.002,0.009,0.018,0.0,0.0,6026.0,2579.0,1.0,Venezuela
Rn[39],0.011,0.002,0.007,0.015,0.0,0.0,5459.0,2954.0,1.0,Peru
Rn[40],0.006,0.001,0.004,0.009,0.0,0.0,5872.0,2692.0,1.0,Argentina
Rn[41],0.005,0.001,0.003,0.008,0.0,0.0,5014.0,2658.0,1.0,"French Guiana, France"
Rn[42],0.003,0.001,0.001,0.006,0.0,0.0,5609.0,2956.0,1.0,Bolivia
Rn[43],0.002,0.001,0.0,0.003,0.0,0.0,5382.0,2537.0,1.0,Guyana
Rn[44],0.001,0.001,0.0,0.003,0.0,0.0,6243.0,2652.0,1.0,Chile
Rn[45],0.103,0.006,0.09,0.115,0.0,0.0,5202.0,2887.0,1.0,Mexico
Rn[46],0.035,0.004,0.029,0.042,0.0,0.0,5280.0,2753.0,1.0,Costa Rica
Rn[47],0.01,0.002,0.007,0.014,0.0,0.0,5711.0,2676.0,1.0,Guatemala
Rn[48],0.008,0.002,0.005,0.011,0.0,0.0,6094.0,3245.0,1.0,Nicaragua
Rn[49],0.005,0.001,0.003,0.008,0.0,0.0,5013.0,2877.0,1.0,Honduras
Rn[50],0.005,0.001,0.003,0.008,0.0,0.0,5670.0,2719.0,1.0,Panama
Rn[51],0.003,0.001,0.001,0.005,0.0,0.0,5636.0,3005.0,1.0,Belize
Rn[52],0.003,0.001,0.001,0.005,0.0,0.0,5001.0,2715.0,1.0,El Salvador
Rn[53],0.052,0.004,0.044,0.062,0.0,0.0,5466.0,2751.0,1.0,"Réunion, France"
Rn[54],0.028,0.003,0.022,0.034,0.0,0.0,5202.0,2781.0,1.0,Seychelles
Rn[55],0.026,0.003,0.02,0.032,0.0,0.0,5235.0,2962.0,1.0,Kenya
Rn[56],0.023,0.003,0.017,0.028,0.0,0.0,6484.0,2938.0,1.0,Tanzania
Rn[57],0.012,0.002,0.008,0.016,0.0,0.0,5283.0,2907.0,1.0,Somalia
Rn[58],0.005,0.001,0.003,0.008,0.0,0.0,5571.0,2873.0,1.0,Ethiopia
Rn[59],0.004,0.001,0.002,0.006,0.0,0.0,5105.0,2801.0,1.0,Mozambique
Rn[60],0.004,0.001,0.002,0.006,0.0,0.0,5727.0,2719.0,1.0,Uganda
Rn[61],0.004,0.001,0.002,0.006,0.0,0.0,4443.0,2746.0,1.0,Mauritius
Rn[62],0.003,0.001,0.001,0.006,0.0,0.0,5583.0,2538.0,1.0,Comoros
Rn[63],0.003,0.001,0.001,0.006,0.0,0.0,5010.0,2509.0,1.0,Djibouti
Rn[64],0.003,0.001,0.001,0.005,0.0,0.0,4908.0,2441.0,1.0,Madagascar
Rn[65],0.002,0.001,0.001,0.004,0.0,0.0,5045.0,2696.0,1.0,Eritrea
Rn[66],0.002,0.001,0.001,0.004,0.0,0.0,4990.0,2625.0,1.0,"Mayotte, France"
Rn[67],0.038,0.004,0.031,0.045,0.0,0.0,5266.0,3062.0,1.0,Côte d’Ivoire
Rn[68],0.017,0.002,0.012,0.021,0.0,0.0,5843.0,2935.0,1.0,Burkina Faso
Rn[69],0.013,0.002,0.009,0.017,0.0,0.0,5318.0,2884.0,1.0,Nigeria
Rn[70],0.008,0.002,0.005,0.011,0.0,0.0,5139.0,2893.0,1.0,Senegal
Rn[71],0.007,0.002,0.004,0.01,0.0,0.0,5222.0,2695.0,1.0,Ghana
Rn[72],0.007,0.002,0.004,0.01,0.0,0.0,6280.0,2557.0,1.0,Togo
Rn[73],0.006,0.001,0.003,0.009,0.0,0.0,6018.0,3023.0,1.0,Benin
Rn[74],0.005,0.001,0.003,0.008,0.0,0.0,4977.0,2891.0,1.0,Mali
Rn[75],0.002,0.001,0.001,0.004,0.0,0.0,4760.0,2372.0,1.0,Mauritania
Rn[76],0.002,0.001,0.0,0.003,0.0,0.0,4524.0,2342.0,1.0,Guinea
Rn[77],0.002,0.001,0.0,0.003,0.0,0.0,3671.0,2261.0,1.0,Niger
Rn[78],0.001,0.001,0.0,0.003,0.0,0.0,5611.0,2882.0,1.0,Sierra Leone
Rn[79],0.001,0.001,0.0,0.002,0.0,0.0,4458.0,2398.0,1.0,Cabo Verde
Rn[80],0.01,0.002,0.006,0.013,0.0,0.0,6820.0,2874.0,1.0,Angola
Rn[81],0.009,0.002,0.006,0.012,0.0,0.0,5649.0,3041.0,1.0,Cameroon
Rn[82],0.005,0.001,0.003,0.008,0.0,0.0,5759.0,2055.0,1.0,Democratic Republic of the Congo
Rn[83],0.004,0.001,0.002,0.006,0.0,0.0,5700.0,2351.0,1.0,Congo (Brazzaville)
Rn[84],0.002,0.001,0.001,0.004,0.0,0.0,5303.0,2437.0,1.0,Equatorial Guinea
Rn[85],0.002,0.001,0.001,0.004,0.0,0.0,5422.0,2331.0,1.0,Gabon
Rn[86],0.001,0.001,0.0,0.003,0.0,0.0,5823.0,2879.0,1.0,Central African Republic
Rn[87],0.008,0.002,0.004,0.011,0.0,0.0,4830.0,2549.0,1.0,Egypt
Rn[88],0.002,0.001,0.001,0.004,0.0,0.0,5654.0,2842.0,1.0,Sudan
Rn[89],0.003,0.001,0.001,0.005,0.0,0.0,5718.0,2322.0,1.0,South Africa
Rn[90],0.002,0.001,0.001,0.004,0.0,0.0,5963.0,2647.0,1.0,Namibia
Rn[91],0.001,0.001,0.0,0.003,0.0,0.0,4256.0,2478.0,1.0,Botswana
Rn[92],0.08,0.005,0.07,0.091,0.0,0.0,5526.0,2482.0,1.0,Polynesia
Rn[93],0.078,0.006,0.067,0.089,0.0,0.0,6093.0,2636.0,1.0,"French Polynesia, France"
Rn[94],0.001,0.001,0.0,0.002,0.0,0.0,5348.0,2591.0,1.0,Samoa
Rn[95],0.02,0.003,0.015,0.025,0.0,0.0,7108.0,2750.0,1.0,Melanesia
Rn[96],0.013,0.002,0.009,0.017,0.0,0.0,5296.0,2994.0,1.0,"New Caledonia, France"
Rn[97],0.004,0.001,0.002,0.007,0.0,0.0,6226.0,3234.0,1.0,Fiji
Rn[98],0.002,0.001,0.001,0.004,0.0,0.0,6508.0,2802.0,1.0,Papua New Guinea
Rp[0],0.25,0.004,0.242,0.257,0.0,0.0,5491.0,2886.0,1.0,Thailand
Rp[1],0.097,0.003,0.092,0.102,0.0,0.0,5043.0,2785.0,1.0,Indonesia
Rp[2],0.038,0.002,0.035,0.041,0.0,0.0,5995.0,3251.0,1.0,Philippines
Rp[3],0.028,0.002,0.025,0.031,0.0,0.0,4811.0,2774.0,1.0,Vietnam
Rp[4],0.024,0.001,0.021,0.026,0.0,0.0,5178.0,3222.0,1.0,Cambodia
Rp[5],0.019,0.001,0.017,0.021,0.0,0.0,6057.0,2598.0,1.0,Malaysia
Rp[6],0.011,0.001,0.009,0.013,0.0,0.0,5727.0,2555.0,1.0,Myanmar
Rp[7],0.006,0.001,0.005,0.007,0.0,0.0,6166.0,3025.0,1.01,Singapore
Rp[8],0.004,0.001,0.003,0.005,0.0,0.0,5002.0,3069.0,1.0,Laos
Rp[9],0.0,0.0,0.0,0.001,0.0,0.0,6171.0,2661.0,1.0,Brunei Darussalam
Rp[10],0.114,0.003,0.108,0.12,0.0,0.0,4591.0,2689.0,1.0,India
Rp[11],0.044,0.002,0.04,0.047,0.0,0.0,5618.0,2952.0,1.0,Sri Lanka
Rp[12],0.031,0.002,0.028,0.035,0.0,0.0,6695.0,2554.0,1.0,Maldives
Rp[13],0.011,0.001,0.009,0.013,0.0,0.0,4995.0,2745.0,1.0,Bangladesh
Rp[14],0.006,0.001,0.004,0.007,0.0,0.0,4927.0,2991.0,1.0,Pakistan
Rp[15],0.005,0.001,0.003,0.006,0.0,0.0,5806.0,2634.0,1.0,Nepal
Rp[16],0.0,0.0,0.0,0.001,0.0,0.0,5649.0,3139.0,1.0,Iran
Rp[17],0.002,0.0,0.001,0.003,0.0,0.0,5814.0,3109.0,1.0,China
Rp[18],0.001,0.0,0.0,0.001,0.0,0.0,5198.0,2678.0,1.0,Saudi Arabia
Rp[19],0.0,0.0,0.0,0.001,0.0,0.0,5701.0,2539.0,1.0,Yemen
Rp[20],0.038,0.002,0.035,0.042,0.0,0.0,5272.0,2919.0,1.0,Cuba
Rp[21],0.014,0.001,0.012,0.017,0.0,0.0,4893.0,2748.0,1.0,Dominican Republic
Rp[22],0.009,0.001,0.007,0.01,0.0,0.0,5025.0,2770.0,1.0,Jamaica
Rp[23],0.007,0.001,0.005,0.008,0.0,0.0,5406.0,2813.0,1.0,"Guadeloupe, France"
Rp[24],0.003,0.001,0.002,0.004,0.0,0.0,6655.0,2559.0,1.0,"Martinique, France"
Rp[25],0.003,0.001,0.002,0.004,0.0,0.0,4923.0,2571.0,1.0,Haiti
Rp[26],0.001,0.0,0.001,0.002,0.0,0.0,4783.0,2877.0,1.0,Antigua and Barbuda
Rp[27],0.001,0.0,0.0,0.001,0.0,0.0,5890.0,2561.0,1.0,Barbados
Rp[28],0.0,0.0,0.0,0.001,0.0,0.0,5661.0,2510.0,1.0,Dominica
Rp[29],0.0,0.0,0.0,0.001,0.0,0.0,4957.0,2525.0,1.0,"Puerto Rico, United States"
Rp[30],0.0,0.0,0.0,0.001,0.0,0.0,5276.0,2904.0,1.0,Bahamas
Rp[31],0.0,0.0,0.0,0.001,0.0,0.0,5783.0,2422.0,1.0,"Leeward Antilles, the Netherlands"
Rp[32],0.0,0.0,0.0,0.001,0.0,0.0,4726.0,2627.0,1.0,Trinidad and Tobago
Rp[33],0.0,0.0,0.0,0.001,0.0,0.0,4341.0,2194.0,1.0,Saint Lucia
Rp[34],0.025,0.001,0.023,0.028,0.0,0.0,6362.0,3222.0,1.0,Brazil
Rp[35],0.01,0.001,0.009,0.012,0.0,0.0,5799.0,2847.0,1.01,Colombia
Rp[36],0.006,0.001,0.005,0.008,0.0,0.0,6284.0,2087.0,1.0,Paraguay
Rp[37],0.003,0.001,0.002,0.004,0.0,0.0,4937.0,3005.0,1.0,Ecuador
Rp[38],0.003,0.001,0.002,0.004,0.0,0.0,6055.0,2633.0,1.0,Venezuela
Rp[39],0.003,0.0,0.002,0.004,0.0,0.0,5425.0,2917.0,1.0,Peru
Rp[40],0.002,0.0,0.001,0.002,0.0,0.0,5895.0,2617.0,1.0,Argentina
Rp[41],0.001,0.0,0.001,0.002,0.0,0.0,4999.0,2491.0,1.0,"French Guiana, France"
Rp[42],0.001,0.0,0.0,0.001,0.0,0.0,5719.0,2914.0,1.0,Bolivia
Rp[43],0.0,0.0,0.0,0.001,0.0,0.0,5387.0,2693.0,1.0,Guyana
Rp[44],0.0,0.0,0.0,0.001,0.0,0.0,6233.0,2611.0,1.0,Chile
Rp[45],0.026,0.001,0.023,0.029,0.0,0.0,5099.0,2514.0,1.0,Mexico
Rp[46],0.009,0.001,0.007,0.011,0.0,0.0,5252.0,2769.0,1.0,Costa Rica
Rp[47],0.003,0.0,0.002,0.003,0.0,0.0,5665.0,2661.0,1.0,Guatemala
Rp[48],0.002,0.0,0.001,0.003,0.0,0.0,6087.0,3192.0,1.0,Nicaragua
Rp[49],0.001,0.0,0.001,0.002,0.0,0.0,5009.0,2758.0,1.0,Honduras
Rp[50],0.001,0.0,0.001,0.002,0.0,0.0,5698.0,2820.0,1.0,Panama
Rp[51],0.001,0.0,0.0,0.001,0.0,0.0,5612.0,2989.0,1.0,Belize
Rp[52],0.001,0.0,0.0,0.001,0.0,0.0,4970.0,2677.0,1.0,El Salvador
Rp[53],0.013,0.001,0.011,0.015,0.0,0.0,5357.0,2796.0,1.0,"Réunion, France"
Rp[54],0.007,0.001,0.006,0.008,0.0,0.0,5237.0,2948.0,1.0,Seychelles
Rp[55],0.007,0.001,0.005,0.008,0.0,0.0,5172.0,3122.0,1.0,Kenya
Rp[56],0.006,0.001,0.004,0.007,0.0,0.0,6685.0,2878.0,1.0,Tanzania
Rp[57],0.003,0.0,0.002,0.004,0.0,0.0,5262.0,2961.0,1.0,Somalia
Rp[58],0.001,0.0,0.001,0.002,0.0,0.0,5593.0,2891.0,1.0,Ethiopia
Rp[59],0.001,0.0,0.001,0.002,0.0,0.0,5103.0,2784.0,1.0,Mozambique
Rp[60],0.001,0.0,0.0,0.002,0.0,0.0,5699.0,2727.0,1.0,Uganda
Rp[61],0.001,0.0,0.0,0.001,0.0,0.0,4462.0,2644.0,1.0,Mauritius
Rp[62],0.001,0.0,0.0,0.001,0.0,0.0,5581.0,2475.0,1.0,Comoros
Rp[63],0.001,0.0,0.0,0.001,0.0,0.0,5013.0,2525.0,1.0,Djibouti
Rp[64],0.001,0.0,0.0,0.001,0.0,0.0,4904.0,2362.0,1.0,Madagascar
Rp[65],0.001,0.0,0.0,0.001,0.0,0.0,5029.0,2621.0,1.0,Eritrea
Rp[66],0.001,0.0,0.0,0.001,0.0,0.0,5014.0,2719.0,1.0,"Mayotte, France"
Rp[67],0.009,0.001,0.008,0.011,0.0,0.0,5272.0,3259.0,1.0,Côte d’Ivoire
Rp[68],0.004,0.001,0.003,0.005,0.0,0.0,5768.0,3029.0,1.0,Burkina Faso
Rp[69],0.003,0.001,0.002,0.004,0.0,0.0,5349.0,2828.0,1.0,Nigeria
Rp[70],0.002,0.0,0.001,0.003,0.0,0.0,5158.0,2868.0,1.0,Senegal
Rp[71],0.002,0.0,0.001,0.003,0.0,0.0,5199.0,2538.0,1.0,Ghana
Rp[72],0.002,0.0,0.001,0.003,0.0,0.0,6317.0,2577.0,1.0,Togo
Rp[73],0.001,0.0,0.001,0.002,0.0,0.0,6001.0,2953.0,1.0,Benin
Rp[74],0.001,0.0,0.001,0.002,0.0,0.0,4967.0,2841.0,1.0,Mali
Rp[75],0.001,0.0,0.0,0.001,0.0,0.0,4775.0,2296.0,1.0,Mauritania
Rp[76],0.0,0.0,0.0,0.001,0.0,0.0,4537.0,2371.0,1.0,Guinea
Rp[77],0.0,0.0,0.0,0.001,0.0,0.0,3681.0,2183.0,1.0,Niger
Rp[78],0.0,0.0,0.0,0.001,0.0,0.0,5621.0,2904.0,1.0,Sierra Leone
Rp[79],0.0,0.0,0.0,0.001,0.0,0.0,4456.0,2492.0,1.0,Cabo Verde
Rp[80],0.002,0.0,0.002,0.003,0.0,0.0,6863.0,2939.0,1.0,Angola
Rp[81],0.002,0.0,0.001,0.003,0.0,0.0,5742.0,3139.0,1.0,Cameroon
Rp[82],0.001,0.0,0.001,0.002,0.0,0.0,5729.0,2426.0,1.0,Democratic Republic of the Congo
Rp[83],0.001,0.0,0.0,0.001,0.0,0.0,5701.0,2367.0,1.0,Congo (Brazzaville)
Rp[84],0.001,0.0,0.0,0.001,0.0,0.0,5309.0,2347.0,1.0,Equatorial Guinea
Rp[85],0.001,0.0,0.0,0.001,0.0,0.0,5478.0,2311.0,1.0,Gabon
Rp[86],0.0,0.0,0.0,0.001,0.0,0.0,5819.0,2924.0,1.0,Central African Republic
Rp[87],0.002,0.0,0.001,0.003,0.0,0.0,4807.0,2691.0,1.0,Egypt
Rp[88],0.001,0.0,0.0,0.001,0.0,0.0,5622.0,2884.0,1.0,Sudan
Rp[89],0.001,0.0,0.0,0.001,0.0,0.0,5694.0,2406.0,1.0,South Africa
Rp[90],0.001,0.0,0.0,0.001,0.0,0.0,6015.0,2675.0,1.0,Namibia
Rp[91],0.0,0.0,0.0,0.001,0.0,0.0,4280.0,2454.0,1.0,Botswana
Rp[92],0.02,0.001,0.018,0.023,0.0,0.0,5635.0,2806.0,1.0,Polynesia
Rp[93],0.019,0.001,0.017,0.022,0.0,0.0,6225.0,2576.0,1.0,"French Polynesia, France"
Rp[94],0.0,0.0,0.0,0.001,0.0,0.0,5522.0,2635.0,1.0,Samoa
Rp[95],0.005,0.001,0.004,0.006,0.0,0.0,7011.0,2822.0,1.0,Melanesia
Rp[96],0.003,0.001,0.002,0.004,0.0,0.0,5129.0,3034.0,1.0,"New Caledonia, France"
Rp[97],0.001,0.0,0.001,0.002,0.0,0.0,6254.0,3153.0,1.0,Fiji
Rp[98],0.001,0.0,0.0,0.001,0.0,0.0,6490.0,2779.0,1.0,Papua New Guinea
